{
   "StarPos": [
      -7942.75,
      -2178.65625,
      20229.375
   ],
   "StarSystem": "Eoch Proo JR-S c18-1",
   "BodyName": "Eoch Proo JR-S c18-1 3",
   "DistanceFromArrivalLS": 33.967497,

   "Radius": 8449730.0,
   "SurfaceTemperature": 740.102356,

   "BodyID": 12,

   "AxialTilt": -0.142709,
   "RotationPeriod": 611515.431478,

   "Eccentricity": 2e-06,
   "OrbitalInclination": 0.001632,
   "OrbitalPeriod": 610748.398304,
   "Periapsis": 126.764425,
   "SemiMajorAxis": 10183222293.85376,

   "AscendingNode": -140.393835,
   "MeanAnomaly": 2.0737,
   
    "Parents": [
       {
          "Star": 0
       }
    ],
    "Rings": [
         {
            "InnerRad": 88836000.0,
            "MassMT": 6831700000.0,
            "Name": "Froalt SL-A c28-70 B 6 A Ring",
            "OuterRad": 92693000.0,
            "RingClass": "eRingClass_Metalic"
         },
         {
            "InnerRad": 92793000.0,
            "MassMT": 91948000000.0,
            "Name": "Froalt SL-A c28-70 B 6 B Ring",
            "OuterRad": 134230000.0,
            "RingClass": "eRingClass_Rocky"
         }
      ],
    
    
    
    "ScanType": "Detailed",
    
    
    
    
    "SystemAddress": 345441116834,
    "WasDiscovered": false,
    "WasMapped": false,
    "event": "Scan",
    "horizons": true,
    "odyssey": true,
    "timestamp": "2022-09-24T23:34:30Z"
    
 }