{
	"AbsoluteMagnitude": 5.495407, 
	"Age_MY": 1656, 
	"AscendingNode": -136.75428, 
	"AxialTilt": 0.0, 
	"BodyID": 2, 
	"BodyName": "Agnaiz KU-E d12-774 B", 
	"DistanceFromArrivalLS": 32316.207245, 
	"Eccentricity": 0.205752, 
	"Luminosity": "Vab", 
	"MeanAnomaly": 74.361086, 
	"OrbitalInclination": 49.844362, 
	"OrbitalPeriod": 11157554984.092712, 
	"Parents": [{"Null": 0}], 
	"Periapsis": 161.697902, 
	"Radius": 599414464.0, 
	"Rings": [{"InnerRad": 1070200000.0, "MassMT": 26330000.0, "Name": "Agnaiz KU-E d12-774 B A Belt", "OuterRad": 2325100000.0, "RingClass": "eRingClass_Rocky"}], 
	"RotationPeriod": 221301.869361, 
	"ScanType": "Detailed", 
	"SemiMajorAxis": 5945611238479.614, 
	"StarPos": [-8813.71875, -538.40625, 23047.5], 
	"StarSystem": "Agnaiz KU-E d12-774", 
	"StarType": "G", 
	"StellarMass": 0.894531, 
	"Subclass": 8, 
	"SurfaceTemperature": 5340.0, 
	"SystemAddress": 26603069264491, 
	"WasDiscovered": false, 
	"WasMapped": false, 
	"event": "Scan", 
	"horizons": true, 
	"odyssey": true, 
	"timestamp": "2022-09-24T21:00:28Z"
}